[
  {
    "question": "科创板是什么？",
    "answer": "科技创新板的简称，主要服务于符合国家战略、拥有关键核心技术、市场认可度高的科技创新企业。",
    "other": {
      "classification": "科创板相关问题与解答",
      "source": "中国平安-科创板相关问题与解答"
    }
  },
  {
    "question": "科创板开通需要什么条件？",
    "answer": "三个条件全部满足：\n1.申请权限开通前20个交易日证券账户及资金账户内的资产日均不低于人民币50万（不含两融融入资金和证券）；\n2.参与证券交易24个月以上；\n3.上交所规定的其他条件如通过科创板股票投资者适当性综合评估等。",
    "other": {
      "classification": "科创板相关问题与解答",
      "source": "中国平安-科创板相关问题与解答"
    }
  },
  {
    "question": "平安证券开通流程",
    "answer": "APP内点击“首页”-“科创板”，判断满足平安证券账户系统相关资料满足准入条件和适当性要求的，签署协议验证成功后即可开通。",
    "other": {
      "classification": "科创板相关问题与解答",
      "source": "中国平安-科创板相关问题与解答"
    }
  },
  {
    "question": "科创板有什么不同？",
    "answer": "发行制度为注册制；T+1；上市后前5个交易日（含首日）不设涨跌幅限制，5个交易日后，日涨跌幅限制为20%；单笔交易200股起，限价订单不超过10万股。",
    "other": {
      "classification": "科创板相关问题与解答",
      "source": "中国平安-科创板相关问题与解答"
    }
  },
  {
    "question": "账户50万门槛怎么认定？",
    "answer": "可用于计算个人投资者资产的证券账户，应为中国结算开立的证券账户，以及投资者在证券公司开立的账户。\n中国结算开立的账户包括A股账户、B股账户、封闭式基金账户、开放式基金账户、衍生品合约账户及中国结算根据业务需要设立的其他证券账户。\n可用于计算投资者资产的资金账户，包括客户交易结算资金账户、股票期权保证金账户等。\n可计入投资者资产的账户：\n1.中国结算开立的证券账户\n股票，包括A股、B股、优先股、通过港股通买入的港股和股转系统挂牌股票；\n公募基金份额；债券；资产支持证券；\n资产管理计划份额；股票期权合约,其中权利仓合约按照结算价计增资产,义务仓合约按照结算价计减资产；\n上海证券交易所认定的其他证券资产。\n2.证券公司开立的账户\n公募基金份额；私募基金份额；银行理财产品；贵金属资产等。\n3.资金账户\n客户交易结算资金账户内的交易结算资金；\n股票期权保证金账户内的交易结算资金,包括义务仓对应的保证金；\n上海证券交易所认定的其他资金资产。\n4.融资类业务\n不包括融入的证券和资金。",
    "other": {
      "classification": "科创板相关问题与解答",
      "source": "中国平安-科创板相关问题与解答"
    }
  },
  {
    "question": "2年交易经验怎么认定？",
    "answer": "关于参与证券交易经验的认定，个人投资者参与A股、B股和股转系统挂牌股票交易的,均可计入其参与证券交易的时间。\n相关交易经历自投资者本人一码通下任意证券账户在上海、深圳证券交易所及股转系统发生首次交易起算。首次交易日期可通过证券公司向中国结算查询。",
    "other": {
      "classification": "科创板相关问题与解答",
      "source": "中国平安-科创板相关问题与解答"
    }
  },
  {
    "question": "没有50万和2年经验怎么办？",
    "answer": "可通过公募基金参与。即现有的战略配售基金、科创板相关基金及可以投资科创板的其他公募基金等。",
    "other": {
      "classification": "科创板相关问题与解答",
      "source": "中国平安-科创板相关问题与解答"
    }
  },
  {
    "question": "不同证券公司的资产是否可以合并？",
    "answer": "不同券商开通的账户资产是不合并计算，具体以上交所细则为准。",
    "other": {
      "classification": "科创板相关问题与解答",
      "source": "中国平安-科创板相关问题与解答"
    }
  },
  {
    "question": "交易年限从什么时候开始算起？",
    "answer": "从中国登记结算公司记录的首次证券交易时间算起",
    "other": {
      "classification": "科创板相关问题与解答",
      "source": "中国平安-科创板相关问题与解答"
    }
  },
  {
    "question": "交易年限可以跨券商计算吗？",
    "answer": "可以。比如在别的券商证券交易满2年，在平安开户不足2年也可以在平安证券申请开通科创板。",
    "other": {
      "classification": "科创板相关问题与解答",
      "source": "中国平安-科创板相关问题与解答"
    }
  },
  {
    "question": "科创板可以打新吗？",
    "answer": "开通科创板后可以以市值参与打新。",
    "other": {
      "classification": "科创板相关问题与解答",
      "source": "中国平安-科创板相关问题与解答"
    }
  },
  {
    "question": "科创板怎么打新？",
    "answer": "科创板中，网下发行比例将大幅提高，监管规定公开发行后总股本不超过4亿股的标的，网下初始发行比例不低于本次公开发行股票数量的70%；\n公开发行后总股本超过4亿股或者发行人尚未盈利的的标的，网下初始发行比例不低于本次公开发行股票数量的80%。\n可见科创板的网下打新中签比例相较其他方式具有绝对优势。",
    "other": {
      "classification": "科创板相关问题与解答",
      "source": "中国平安-科创板相关问题与解答"
    }
  },
  {
    "question": "现在转50万来得及吗？",
    "answer": "来得及，在交易日09：00-16：00转入自有资金满20个交易日日均资产50万，具体以您账户实际资金情况为准！",
    "other": {
      "classification": "科创板相关问题与解答",
      "source": "中国平安-科创板相关问题与解答"
    }
  },
  {
    "question": "50万买了银行理财算不算？通过银行或基金公司买的基金算市值吗？",
    "answer": "不算，需要券商开通的资金账户里购买的理财、基金等算入总额。",
    "other": {
      "classification": "科创板相关问题与解答",
      "source": "中国平安-科创板相关问题与解答"
    }
  },
  {
    "question": "买科创板需开创业板/两融账户吗？",
    "answer": "不需要。",
    "other": {
      "classification": "科创板相关问题与解答",
      "source": "中国平安-科创板相关问题与解答"
    }
  },
  {
    "question": "达到开通权限后，不足50万了会被取消吗？",
    "answer": "不会取消",
    "other": {
      "classification": "科创板相关问题与解答",
      "source": "中国平安-科创板相关问题与解答"
    }
  },
  {
    "question": "已开通后，亏损导致的账户资产不足50万会影响吗？",
    "answer": "不取消资格就可以继续购买，目前对开通后的持续性没有要求。",
    "other": {
      "classification": "科创板相关问题与解答",
      "source": "中国平安-科创板相关问题与解答"
    }
  },
  {
    "question": "开户有截止日期吗？",
    "answer": "没有。",
    "other": {
      "classification": "科创板相关问题与解答",
      "source": "中国平安-科创板相关问题与解答"
    }
  },
  {
    "question": "科创板的交易手续费是多少呢？",
    "answer": "同主板的交易手续费一致。",
    "other": {
      "classification": "科创板相关问题与解答",
      "source": "中国平安-科创板相关问题与解答"
    }
  },
  {
    "question": "可以开通两个科创板账户吗？比如不同证券公司的科创板账户？",
    "answer": "可以。在不同证券公司可以分别交易科创板。",
    "other": {
      "classification": "科创板相关问题与解答",
      "source": "中国平安-科创板相关问题与解答"
    }
  },
  {
    "question": "开了一家科创板，其他券商的账户，可以转签吗？",
    "answer": "科创板是各家券商分别向交易所申报，不能转签。",
    "other": {
      "classification": "科创板相关问题与解答",
      "source": "中国平安-科创板相关问题与解答"
    }
  },
  {
    "question": "科创板可以在几家券商开通？",
    "answer": "沪A账户指定交易后可以开通科创板，通常一人三户，那么最多三家券商。",
    "other": {
      "classification": "科创板相关问题与解答",
      "source": "中国平安-科创板相关问题与解答"
    }
  },
  {
    "question": "科创板股票是什么字头，创业板3字头，深沪0 6字头",
    "answer": "科创板股票代码为“688xxx”、CDR存托凭证代码为“689xxx”，“787xxx”是申购代码，“789xxx”是配号代码。",
    "other": {
      "classification": "科创板相关问题与解答",
      "source": "中国平安-科创板相关问题与解答"
    }
  },
  {
    "question": "股票账户的资金余额算吗？",
    "answer": "算。",
    "other": {
      "classification": "科创板相关问题与解答",
      "source": "中国平安-科创板相关问题与解答"
    }
  }
]